CATASTRO DE DONACIONES DE ESCUDOS FACIALES ,,,,,,,,,,,,
Latitud,Longitud,Ciudad,Nombre recinto médico,Direccion,Región,Comuna,Total I3D,Total Troquelado,Total Inyección,Total láser,Total otros,Origen
"-41,866937","-73,816812",Ancud,Cesfam Manuel Ferreira,"Almirante Latorre 790, Ancud, Los Lagos, Chile",Los Lagos,Ancud,14,,,,,
"-41,884062","-73,807937",Ancud,Hospital Base de Ancud,"Castro 352, Ancud, Los Lagos, Chile",Los Lagos,Ancud,50,,,,,
"-41,865563","-73,824687",Ancud,Hospital de Ancud,"Almirante Latorre 301, Ancud, Los Lagos, Chile",Los Lagos,Ancud,50,,,,,
"-37,818938","-72,673063",Angol,CESFAM Huequen,"Camino A Los Sauces 07, Angol, Araucanía, Chile",Araucanía,Angol,120,,,,,
"-37,794437","-72,705438",Angol,Hospital Angol,"Ilabaca 752, Angol, Araucanía, Chile",Araucanía,Angol,500,,,,,
"-37,794437","-72,705438",Angol,Hospital Angol,"Ilabaca 752, Angol, Araucanía, Chile",Araucanía,Angol,120,,,,,
"-18,485938","-70,300438",Arica,Carabineros de Arica,"18 de Septiembre 1934, Arica, Arica y Parinacota, Chile",Arica y Parinacota,arica,10,,,,,
"-18,481063","-70,318438",Arica,DISAM Arica,"Patricio Lynch 241, Arica, Arica y Parinacota, Chile",Arica y Parinacota,Arica,50,,,,,
"-18,481063","-70,318438",Arica,DISAM Arica,"Patricio Lynch 241, Arica, Arica y Parinacota, Chile",Arica y Parinacota,Arica,100,,,,,
"-18,482438","-70,313063",Arica,Maternidad de Hospital Juan Noé,"18 de Septiembre 1000, Arica, Arica y Parinacota, Chile",Arica y Parinacota,Arica,50,,,,,
"-18,477438","-70,295687",Arica,PDI Arica,"Cosapilla 1651, Arica, Arica y Parinacota, Chile",Arica y Parinacota,Arica,8,,,,,
"-18,470938","-70,311437",Arica,Rectoria Universidad de Tarapacá,"Gral. Velasquez / UTA Campus Velasquez, Arica, Arica y Parinacota, Chile",Arica y Parinacota,Arica,7,,,,,
"-18,478063","-70,316688",Arica,Seremi de salud Arica,"Maipú 427, Arica, Arica y Parinacota, Chile",Arica y Parinacota,Arica,7,,,,,
"-18,478063","-70,316688",Arica,Seremi de salud Arica,"Maipú 427, Arica, Arica y Parinacota, Chile",Arica y Parinacota,Arica,50,,,,,
"-18,482438","-70,312938",Arica,servicio de salud Arica,"18 de Septiembre 1000, Arica, Arica y Parinacota, Chile",Arica y Parinacota,Arica,24,,,,,
"-18,482438","-70,312938",Arica,servicio de salud Arica,"18 de Septiembre 1000, Arica, Arica y Parinacota, Chile",Arica y Parinacota,Arica,50,,,,,
"-18,482438","-70,312938",Arica,servicio de salud Arica,"18 de Septiembre 1000, Arica, Arica y Parinacota, Chile",Arica y Parinacota,Arica,100,,,,,
"-18,482438","-70,312938",Arica,servicio de salud Arica,"18 de Septiembre 1000, Arica, Arica y Parinacota, Chile",Arica y Parinacota,Arica,50,,,,,
"-18,482438","-70,312938",Arica,servicio de salud Arica,"18 de Septiembre 1000, Arica, Arica y Parinacota, Chile",Arica y Parinacota,Arica,100,,,,,
"-41,771437","-73,127813",Calbuco,Departamento Salud municipal de Calbuco,"Galvarino Riveros 10, Calbuco, Los Lagos, Chile",Los Lagos,Calbuco,100,,,,,
"-35,962813","-72,324812",Cauquenes,Hospital de Cauquenes,"Pje Tutuben 455, Cauquenes, Maule, Chile",Maule,Cauquenes,85,,,,,
"-33,418313","-70,717313",Cerro Navia,CESFAM Lo Amor Cerro Navia,"PJ607-Neptuno / Esq. Sara Gajardo, Cerro Navia, Región Metropolitana, Chile",Metropolitana,Cerro Navia,15,,,,,
"-35,739688","-72,531312",Chanco,Hospital de Chanco,"M-500 627, Chanco, Maule, Chile",Maule,Chanco,60,,,,,
"-36,955563","-73,013563",Chiguayante,Sename hogar Capullo,"Av. Manuel Rodríguez 3748, Chiguayante, Bío Bío, Chile",Bío Bío,Chiguayante,25,,,,,
"-36,609813","-72,105563",Chillán,Clínica de Diálisis,"Dieciocho de Septiembre 822, Chillan, Chillán, Región del Bío Bío, Chile",Bío Bío,Chillán,20,,,,,
"-35,697188","-71,402687",Colbún,Cesfam Colbún,"Adolfo Novoa 419, Colbun, Colbún, Maule, Chile",Maule,Colbún,20,,,,,
"-37,958813",-72.435.563,Collipulli,Hospital San Agustín de Collipulli,"Bulnes 76, Collipulli, Araucanía, Chile",Araucanía,Collipulli,80,,,,,
"-36,830688","-73,058937",Concepción,Gobierno Regional Concepción,"Amunátegui 501, Concepción, Bío Bío, Chile",Bío Bío,Concepción,80,,,,,
"-36,820313","-73,063312",Concepción,Hogar de Cristo Concepción,"Serrano 1399, Concepción, Bío Bío, Chile",Bío Bío,Concepción,25,,,,,
"-36,824938","-73,037937",Concepción,Hospital Guillermo Grant Benavente,"San Martín 1436, Concepción, Bío Bío, Chile",Bío Bío,Concepción,70,,,,,
"-36,824938","-73,037937",Concepción,Hospital Regional de Concepción,"San Martín 1436, Concepción, Bío Bío, Chile",Bío Bío,Concepción,100,,,,,
"-36,843063","-73,107062",Concepción,Instituto Teletón Concepción,"Los Acacios 8, San Pedro, Concepción, Bío Bío, Chile",Bío Bío,Concepción,25,,,,,
"-36,830313","-73,059312",Concepción,Intendencia Concepción,"Amunátegui 525, Concepción, Bío Bío, Chile",Bío Bío,Concepción,100,,,,,
"-36,821937","-73,032438",Concepción,Sename hogar Arrullo,"La Virgen 420, Concepción, Bío Bío, Chile",Bío Bío,Concepción,60,,,,,
"-27,361438","-70,328937",Copiapó,Dirección de Salud Municipal Copiapó,"Chacabuco 897, Copiapó, Atacama, Chile",Atacama,Copiapó,25,,,,,
"-27,372813","-70,321937",Copiapó,Hospital Regional de Copiapó,"Los Carrera 1320, Copiapó, Atacama, Chile",Atacama,Copiapó,20,,,,,
"-37,028562","-73,136188",Coronel,Hospital Coronel,"Lautaro 600, Coronel, Bío Bío, Chile",Bío Bío,Coronel,16,,,,,
"-39,862813","-73,435938",Corral,Hospital de Corral,"T-450, Corral, Los Ríos, Chile",Los Ríos,Corral,40,,,,,
"-39,862813","-73,435938",Corral,Hospital de Corral,"T-450, Corral, Los Ríos, Chile",Los Ríos,Corral,40,,,,,
"-39,862813","-73,435938",Corral,Hospital de Corral,"T-450, Corral, Los Ríos, Chile",Los Ríos,Corral,200,,,,,
"-45,569813","-72,069937",Coyhaique,1º Compañía de Bomberos de Coyhaique,"Gral Parra 365, Coyhaique, Aysén, Chile",Aysén,Coyhaique,8,,,,,
"-45,582438","-72,059937",Coyhaique,Consultorio Victor Domingo Silva,"Dr Alejandro Gutiérrez 870, Coyhaique, Aysén, Chile",Aysén,Coyhaique,30,,,,,
"-45,582438","-72,059937",Coyhaique,Consultorio Victor Domingo Silva,"Dr Alejandro Gutiérrez 870, Coyhaique, Aysén, Chile",Aysén,Coyhaique,10,,,,,
"-45,568938","-72,072562",Coyhaique,Servicio de salud de Aysén,"Dr Jorge Ibar 168, Coyhaique, Aysén, Chile",Aysén,Coyhaique,15,,,,,
"-45,568938","-72,072562",Coyhaique,Servicio de salud de Aysén,"Dr Jorge Ibar 168, Coyhaique, Aysén, Chile",Aysén,Coyhaique,100,,,,,
"-45,568938","-72,072562",Coyhaique,Servicio de salud de Aysén,"Dr Jorge Ibar 168, Coyhaique, Aysén, Chile",Aysén,Coyhaique,22,,,,,
"-45,568938","-72,072562",Coyhaique,Servicio de salud de Aysén,"Dr Jorge Ibar 168, Coyhaique, Aysén, Chile",Aysén,Coyhaique,20,,,,,
"-38,439313","-71,891313",Curacautín,Hospital curacautin,"Serrano 399, Curacautin, Curacautín, Araucanía, Chile",Araucanía,Curacautín,64,,,,,
"-42,439813","-73,600188",Curaco de Vélez,CESFAM Curaco de Velez,"Galvarino Riveros 5, Curaco de Vélez, Los Lagos, Chile",Los Lagos,Curaco de Vélez,40,,,,,
"-37,472437","-73,350563",Curanilahue,Hospital Curanilahue,"P-42 107, Curanilahue, Bío Bío, Chile",Bío Bío,Curanilahue,100,,,,,
"-37,472437","-73,350563",Curanilahue,Hospital Curanilahue,"P-42 107, Curanilahue, Bío Bío, Chile",Bío Bío,Curanilahue,100,,,,,
"-34,989938","-71,242563",Curicó,Carabineros de Curicó,"Av. San Martín 612-696, Curicó, Maule, Chile",Maule,Curicó,400,,,,,
"-34,973938","-71,221063",Curicó,Cesfam Sol de septiembre,"Av. Arturo Alessandri 1290, Curicó, Maule, Chile",Maule,Curicó,50,,,,,
"-34,989938","-71,235563",Curicó,Hospital de Curicó,"Chacabuco 164, Curicó, Maule, Chile",Maule,Curicó,1319,,,,,
"-34,979563","-71,243438",Curicó,PDI Curicó,"M. Rodriguez 1041, Curicó, Maule, Chile",Maule,Curicó,30,,,,,
"-34,984687","-71,222938",Curicó,ROTARY Curicó,"Av. España 802, Curicó, Maule, Chile",Maule,Curicó,2483,,,,,
"-34,998313","-71,248937",Curicó,SAR Aguas Negras,"Patacón 906, Curicó, Maule, Chile",Maule,Curicó,45,,,,,
"-41,136062","-73,028063",Frutillar,Municipalidad de Frutillar,"Avenida Philippi 753, Frutillar, Los Lagos, Chile",Los Lagos,Frutillar,15,,,,,
"-43,186563","-71,865938",Futaleufú,DESAM Futaleufú,"Ruta 231 608, Futaleufu, Futaleufú, Los Lagos, Chile",Los Lagos,Futaleufú,30,,,,,
"-40,125437","-72,382938",Futrono,CESFAM Futrono,"Los Ulmos 775, Futrono, Los Ríos, Chile",Los Ríos,Futrono,160,,,,,
"-40,125437","-72,382938",Futrono,Salud Futrono,"Los Ulmos 775, Futrono, Los Ríos, Chile",Los Ríos,Futrono,100,,,,,
"-40,125437","-72,382938",Futrono,Salud Futrono,"Los Ulmos 775, Futrono, Los Ríos, Chile",Los Ríos,Futrono,100,,,,,
"-38,410438","-72,785187",Galvarino,Hospital de Galvarino,"Av. Enrique Mac-Iver, Galvarino, Araucanía, Chile",Araucanía,Galvarino,60,,,,,
"-38,410438","-72,785187",Galvarino,Hospital de Galvarino,"Av. Enrique Mac-Iver, Galvarino, Araucanía, Chile",Araucanía,Galvarino,30,,,,,
"-39,105438","-72,668688",Gorbea,Hospital de Gorbea,"J. M. Carrera 884, Gorbea, Araucanía, Chile",Araucanía,Gorbea,1,,,,,
"-27,148187","-109,427938",Hanga Roa,Secpla de isla de pascua,"Te Pito o Te Henua, Hanga Roa, Isla de Pascua, Valparaíso, Chile",Valparaíso,Isla de Pascua,80,,,,,
"-33,415938","-70,655062",Independencia,Hospital Roberto del Rio,"Prof. Zañartu 1085, Independencia, Región Metropolitana, Chile",Metropolitana,Independencia,500,,,,,
"-33,514188","-70,599063",La Florida,Hospital La Florida Urgencia,"Froilán Roa 6542, La Florida, Región Metropolitana, Chile",Metropolitana,La Florida,100,,,,,
"-32,450563","-71,237562",La Ligua,Hospital de la Ligua,"Doctor Víctor Díaz N° 1020, La Ligua, Valparaíso, Chile",Valparaíso,La Ligua,500,,,,,
"-33,588688","-70,618938",La Pintana,Cesfam La Pintana,"Juanita 13558, La Pintana, Región Metropolitana, ChileEsta",Metropolitana,La Pintana,100,,,,,
"-40,306313","-73,082062",La Unión,CESFAM La Unión,"Avenida Industrial Elvira Werner 292, La Unión, Los Ríos, Chile",Los Ríos,La Unión,100,,,,,
"-40,284437","-73,076188",La Unión,Hospital de La Unión,"Iansa 1 20, La Unión, Los Ríos, Chile",Los Ríos,La Unión,40,,,,,
"-40,284437","-73,076188",La Unión,Hospital de La Unión,"Iansa 1 20, La Unión, Los Ríos, Chile",Los Ríos,La Unión,215,,,,,
"-40,284437","-73,076188",La Unión,Hospital de La Unión,"Iansa 1 20, La Unión, Los Ríos, Chile",Los Ríos,La Unión,215,,,,,
"-40,284437","-73,076188",La Unión,Hospital de La Unión,"Iansa 1 20, La Unión, Los Ríos, Chile",Los Ríos,La Unión,215,,,,,
"-40,321937","-72,471563",Lago Ranco,CESFAM Lago Ranco,"Acceso a Urgencia, Lago Ranco, Los Ríos, Chile",Los Ríos,Lago Ranco,100,,,,,
"-40,321937","-72,471563",Lago Ranco,CESFAM Lago Ranco,"Acceso a Urgencia, Lago Ranco, Los Ríos, Chile",Los Ríos,Lago Ranco,50,,,,,
"-40,320687","-72,480187",Lago Ranco,Desam Lago Ranco,"Viña del Mar 345, Lago Ranco, Los Ríos, Chile",Los Ríos,Lago Ranco,50,,,,,
"-40,320687","-72,480187",Lago Ranco,Desam Lago Ranco,"Viña del Mar 345, Lago Ranco, Los Ríos, Chile",Los Ríos,Lago Ranco,50,,,,,
"-39,540687","-72,507687",Lanco,CESFAM Malalhue,"Ruta 203 401, Lanco, Los Ríos, Chile",Los Ríos,Lanco,200,,,,,
"-39,452063","-72,768563",Lanco,Hospital de Lanco,"Nueva Norte 29, Lanco, Los Ríos, Chile",Los Ríos,Lanco,50,,,,,
"-39,452063","-72,768563",Lanco,Hospital de Lanco,"Nueva Norte 29, Lanco, Los Ríos, Chile",Los Ríos,Lanco,50,,,,,
"-39,452063","-72,768563",Lanco,Hospital de Lanco,"Nueva Norte 29, Lanco, Los Ríos, Chile",Los Ríos,Lanco,200,,,,,
"-33,416063","-70,594813",Las Condes,Municipalidad Las Condes,"Av. Apoquindo 3400, Las Condes, Región Metropolitana, Chile",Metropolitana,Las Condes,50,,,,,
"-38,516813","-72,430813",Lautaro,Cecof Lautaro,"Erasmo Ovando, Lautaro, Araucanía, Chile",Araucanía,Lautaro,5,,,,,
"-38,517187","-72,429813",Lautaro,Cecosf Maximino Beltran,"Erasmo Ovando esq - Lisandro Vergara, Lautaro, Araucanía, Chile",Araucanía,Lautaro,10,,,,,
"-38,537312","-72,439562",Lautaro,Cesfam Lautaro,"Av. Ernesto Riquelme, Lautaro, Araucanía, Chile",Araucanía,Lautaro,16,,,,,
"-38,633938","-72,453812",Lautaro,Consultorio Pillanlelbun,"Ercilla 5, Pillanlelbun, Lautaro, Araucanía, Chile",Araucanía,Lautaro,11,,,,,
"-38,532937","-72,434938",Lautaro,Dr. Suares,"Av. O'higgins 915, Lautaro, Araucanía, Chile",Araucanía,Lautaro,10,,,,,
"-37,805438","-72,694063",Lautaro,Farmacia Salcobrand Lautaro,"Bernardo O'Higgins N° 812, Local 2, Lautaro, Angol, Araucanía",Araucanía,Lautaro,9,,,,,
"-38,536937","-72,419313",Lautaro,Hospital Lautaro,"Entrada, Lautaro, Araucanía, Chile",,Lautaro,20,,,,,
"-32,986187","-71,264437",Limache,Consultorio de Limache,"Pedro de Valdivia 017, San Francisco de Limache, Limache, Valparaíso, Chile",Valparaíso,Limache,25,,,,,
"-35,844437","-71,590812",Linares,Hospital de Linares,"Av. Brasil 753, Linares, Maule, Chile",Maule,Linares,200,,,,,
"-32,829563","-70,597437",Los Andes,Hospital de Los Andes,"Av. Argentina 391-433, Los Andes, Valparaíso, Chile",Valparaíso,Los Andes,410,,,,,
"-37,473562","-72,346688",Los Ángeles,Hospital de los Angeles  (donación privada),"Av. Ricardo Vicuña 147, Los Angeles, Los Ángeles, Bío Bío, Chile",Bío Bío,Los Angeles,110,,,,,
"-37,475188","-72,345438",Los Ángeles,Servicio de Salud Biobío,"Avenida Ricardo Vicuña 147 Interior, Torre de Estacionamientos, Cuarto Piso, Los Angeles, Los Ángeles, Bío Bío, Chile",Bío Bío,Los Angeles,100,,,,,
"-39,862688","-72,810187",Los Lagos,Hospital Los Lagos,"Baquedano 229, Los Lagos, Los Ríos, Chile",Los Ríos,Los Lagos,50,,,,,
"-39,862688","-72,810187",Los Lagos,Hospital Los Lagos,"Baquedano 229, Los Lagos, Los Ríos, Chile",Los Ríos,Los Lagos,50,,,,,
"-39,862688","-72,810187",Los Lagos,Hospital Los Lagos,"Baquedano 229, Los Lagos, Los Ríos, Chile",Los Ríos,Los Lagos,200,,,,,
"-39,666188","-72,958687",Máfil,Cesfam Máfil,"Mafil, Máfil, Los Ríos, Chile",Los Ríos,Máfil,40,,,,,
"-39,666188","-72,958687",Máfil,Cesfam Máfil,"Mafil, Máfil, Los Ríos, Chile",Los Ríos,Máfil,40,,,,,
"-39,666188","-72,958687",Máfil,Cesfam Máfil,"Mafil, Máfil, Los Ríos, Chile",Los Ríos,Máfil,150,,,,,
"-33,508063","-70,774312",Maipú,Hospital del Carmen Maipu,"Camino A Rinconada 1201 & Avenida El Olimpo, Maipú, Región Metropolitana, Chile",Metropolitana,Maipú,50,,,,,
"-39,538812","-72,962063",Mariquina,Desam Mariquina,"Calle Mariquina 1280, San José de la Mariquina, Mariquina, Los Ríos, Chile",Los Ríos,Mariquina,60,,,,,
"-39,538812","-72,962063",Mariquina,Desam Mariquina,"Calle Mariquina 1280, San José de la Mariquina, Mariquina, Los Ríos, Chile",Los Ríos,Mariquina,60,,,,,
"-39,541187","-72,965563",Mariquina,Hospital Santa Elisa,"García Reyes 955, San José de la Mariquina, Mariquina, Los Ríos, Chile",Los Ríos,Mariquina,60,,,,,
"-39,541187","-72,965563",Mariquina,Hospital Santa Elisa,"García Reyes 955, San José de la Mariquina, Mariquina, Los Ríos, Chile",Los Ríos,Mariquina,60,,,,,
"-39,541187","-72,965563",Mariquina,Hospital Santa Elisa,"García Reyes 955, San José de la Mariquina, Mariquina, Los Ríos, Chile",Los Ríos,Mariquina,200,,,,,
"-35,524813","-71,695063",Maule,Cesfam Maule,"Balmaceda - Freire, Maule, Chile",Maule,Maule,80,,,,,
"-41,616937","-73,598937",Maullín,Hospital Maullín,"Calle 21 de Mayo 404, Maullin, Maullín, Los Lagos, Chile",Los Lagos,Maullín,25,,,,,
"-35,107688","-71,295687",Molina,Hospital de Molina,"Luis Cruz Martínez 2850, Molina, Maule, Chile",Maule,Molina,100,,,,,
"-38,740313","-72,957313",Nueva Imperial,Hospital de Imperial,"Castellon 0165, Nueva Imperial, Araucanía, Chile",Araucanía,Nueva Imperial,60,,,,,
"-38,740313","-72,957313",Nueva Imperial,Hospital de Nueva Imperial,"Castellon 0165, Nueva Imperial, Araucanía, Chile",Araucanía,Nueva Imperial,30,,,,,
"-40,575688","-73,134563",Osorno,Cuerpo de bomberos de Osorno,"Manuel Antonio Matta 766, Osorno, Los Lagos, Chile",Los Lagos,Osorno,30,,,,,
"-40,587688","-73,086187",Osorno,Departamento Salud municipal de Osorno,"Guillermo Hollstein, Osorno, Los Lagos, Chile",Los Lagos,Osorno,80,,,,,
"-40,576062","-73,129563",Osorno,ESSAL Osorno,"Francisco Bilbao 1196, Osorno, Los Lagos, Chile",Los Lagos,Osorno,550,,,,,
"-40,570813","-73,113438",Osorno,Fundación Las Rosas de Osorno,"Sta María 2100, Osorno, Los Lagos, Chile",Los Lagos,Osorno,10,,,,,
"-40,579188","-73,101438",Osorno,Hogar de Cristo de Osorno,"Paula Jaraquemada 570, Osorno, Los Lagos, Chile",Los Lagos,Osorno,15,,,,,
"-40,587563","-73,128313",Osorno,Hospital de Osorno,"Dr Guillermo Buhler 1765, Osorno, Los Lagos, Chile",Los Lagos,Osorno,100,,,,,
"-40,587563","-73,128313",Osorno,Hospital de Osorno,"Dr Guillermo Buhler 1765, Osorno, Los Lagos, Chile",Los Lagos,Osorno,500,,,,,
"-40,574063","-73,127188",Osorno,IP-CFT Los Lagos,"Patricio Lynch 1335, Osorno, Los Lagos, Chile",Los Lagos,Osorno,20,,,,,
"-40,580063","-73,110563",Osorno,Hospital SAMU Osorno,"Amador Barrientos 2360, Osorno, Los Lagos, Chile",Los Lagos,Osorno,75,,,,,
"-40,576188","-73,130688",Osorno,Seremi Medio Ambiente Osorno,"Francisco Bilbao 1129, Osorno, Los Lagos, Chile",Los Lagos,Osorno,10,,,,,
"-40,597438","-73,123063",Osorno,UACH campus Osorno,"Av Dr Guillermo Buhler 1756, Osorno, Los Lagos, Chile",Los Lagos,Osorno,80,,,,,
"-38,757813","-72,590187",Padre las Casas,CCR Padre las casas + PAD,"Francisco Pizarro 676, Padre las Casas, Araucanía, Chile",Araucanía,Padre las Casas,40,,,,,
"-38,774062","-72,597687",Padre las Casas,CESFAM Conunhueno + SAR+ Posta,"Av Pulmahue 1300-1398, Padre las Casas, Araucanía, Chile",Araucanía,Padre las Casas,120,,,,,
"-38,774062","-72,597687",Padre las Casas,CESFAM Padre las casas + SAPU + Postas,"Av Pulmahue 1300-1398, Padre las Casas, Araucanía, Chile",Araucanía,Padre las Casas,100,,,,,
"-38,772562","-72,588937",Padre las Casas,CESFAM Pulmahue + CSR San Ramón + Postas,"Av La Quebrada 1419, Padre las Casas, Araucanía, Chile",Araucanía,Padre las Casas,120,,,,,
"-38,767812","-72,614313",Padre las Casas,Complejo asistencial Padre las casas,"Ruta 194, Padre las Casas, Araucanía, Chile",Araucanía,Padre las Casas,100,,,,,
"-38,770062","-72,638312",Padre las Casas,EVACAM,"Maquehue Air Force Base, Padre las Casas, Araucanía, Chile",Araucanía,Padre las Casas,80,,,,,
"-38,831688","-72,693438",Padre las Casas,Hospital Makewe,"S-578/ km 7,6, Padre las Casas, Araucanía, Chile",Araucanía,Padre las Casas,60,,,,,
"-38,774062","-72,597687",Padre las Casas,SAR Conunhueno,"Av Pulmahue 1300-1398, Padre las Casas, Araucanía, Chile",Araucanía,Padre las Casas,20,,,,,
"-40,066313","-72,869563",Paillaco,CESFAM Paillaco,"Mac- Iver 601, Paillaco, Los Ríos, Chile",Los Ríos,Paillaco,100,,,,,
"-40,071688","-72,866563",Paillaco,Hospital de Paillaco,"Gabriela Mistral 715, Paillaco, Los Ríos, Chile",Los Ríos,Paillaco,80,,,,,
"-40,071688","-72,866563",Paillaco,Hospital de Paillaco,"Gabriela Mistral 715, Paillaco, Los Ríos, Chile",Los Ríos,Paillaco,200,,,,,
"-40,071937","-72,872062",Paillaco,Salud Paillaco,"Barros Arana 709, Paillaco, Los Ríos, Chile",Los Ríos,Paillaco,200,,,,,
"-40,071937","-72,872062",Paillaco,Salud Paillaco,"Barros Arana 709, Paillaco, Los Ríos, Chile",Los Ríos,Paillaco,120,,,,,
"-39,568313","-72,008437",Panguipulli,CESFAM Coñaripe,"T-243-S 427, Panguipulli, Los Ríos, Chile",Los Ríos,Panguipulli,30,,,,,
"-39,640563","-72,342687",Panguipulli,Hospital de Panguipulli,"Sor Mercedes, Panguipulli, Los Ríos, Chile",Los Ríos,Panguipulli,200,,,,,
"-39,640563","-72,342687",Panguipulli,Hospital de Panguipulli,"Sor Mercedes, Panguipulli, Los Ríos, Chile",Los Ríos,Panguipulli,20,,,,,
"-35,397813","-71,798187",Pencahue,Cesfam Pencahue,"Alejandro Cruz Vergara 850, Pencahue, Maule, Chile",Maule,Pencahue,120,,,,,
"-38,990063","-72,643563",Pitrufquén,Base SAMU Pitrufquen,"Manuel Rodríguez 1223, Pitrufquén, Araucanía, Chile",Araucanía,Pitrufquén,20,,,,,
"-38,987187","-72,637313",Pitrufquén,Departamento Salud Pitrufquen,"Francisco Bilbao 593, Pitrufquén, Araucanía, Chile",Araucanía,Pitrufquén,100,,,,,
"-38,990063","-72,643563",Pitrufquén,Hospital de Pitrufquen,"Manuel Rodríguez 1223, Pitrufquén, Araucanía, Chile",Araucanía,Pitrufquén,50,,,,,
"-33,429813","-70,614563",Providencia,El Troi - Calvo Mackena,"Antonio Varas 360, Providencia, Región Metropolitana, Chile",Metropolitana,Providencia,300,,,,,
"-39,280563","-71,960438",Pucón,CESFAM Pucón,"Adolfo Kachele 1200, Pucon, Pucón, Araucanía, ChileEsta",Araucanía,Pucón,100,,,,,
"-39,278562","-71,974063",Pucón,Hospital de Pucon,"Uruguay 322, Pucon, Pucón, Araucanía, Chile",Araucanía,Pucón,100,,,,,
"-41,472313","-72,946813",Puerto Montt,Centro Médico Urmeneta,"Urmeneta 790, Puerto Montt, Los Lagos, Chile",Los Lagos,Puerto Montt,10,,,,,
"-41,468313","-72,916688",Puerto Montt,Cesfam Carmela Carvajal,"Regimiento 1188, Puerto Montt, Los Lagos, Chile",Los Lagos,Puerto Montt,40,,,,,
"-41,470188","-72,940438",Puerto Montt,Escuela España,"Rengifo 400, Puerto Montt, Los Lagos, Chile",Los Lagos,Puerto Montt,10,,,,,Fabtec
"-41,467813","-72,952812",Puerto Montt,Fundación Casa Nazareth,"Enrique Mac Iver 656, Puerto Montt, Los Lagos, Chile",Los Lagos,Puerto Montt,20,,,,,
"-41,475188","-72,954437",Puerto Montt,Hogar de Cristo de Pto Montt,"Chorrillos 1227, Puerto Montt, Los Lagos, Chile",Los Lagos,Puerto Montt,30,,,,,
"-41,449188","-72,957313",Puerto Montt,Hospital de Puerto Montt,"Los Aromos 65, Puerto Montt, Los Lagos, Chile",Los Lagos,Puerto Montt,25,,,,,
"-41,449188","-72,957313",Puerto Montt,Hospital de Puerto Montt,"Los Aromos 65, Puerto Montt, Los Lagos, Chile",Los Lagos,Puerto Montt,100,,,,,
"-41,471937","-72,937562",Puerto Montt,Municipalidad de Puerto Montt (Programa Calle),"San Felipe 80, Puerto Montt, Los Lagos, Chile",Los Lagos,Puerto Montt,20,,,,,
"-41,471812","-72,935187",Puerto Montt,Servicio de Salud de Reloncaví,"Egaña 85, Puerto Montt, Los Lagos, Chile",Los Lagos,Puerto Montt,50,,,,,
"-40,972313","-72,883063",Puerto Octay,Hospital de Puerto Octay,"Esperanza 555, Puerto Octay, Los Lagos, Chile",Los Lagos,Puerto Octay,50,,,,,
"-41,329062","-72,968688",Puerto Varas,Cesfam Puerto Varas,"Federico Errázuriz 1045, Puerto Varas, Los Lagos, Chile",Los Lagos,Puerto Varas,10,,,,,
"-38,038063","-73,075312",Purén,Hospital de Puren,"Imperial 1562, Puren, Purén, Araucanía, Chile",Araucanía,Purén,10,,,,,
"-40,913063","-73,154688",Purranque,Cesfam Purranque,"21 de Mayo 415, Purranque, Los Lagos, Chile",Los Lagos,Purranque,15,,,,,
"-40,913938","-73,154063",Purranque,Hospital de Purranque,"21 de Mayo 468, Purranque, Los Lagos, Chile",Los Lagos,Purranque,30,,,,,
"-40,684563","-72,602438",Puyehue,Cesfam Entre Lagos,"Pedro de Valdivia 365, Puyehue, Los Lagos, Chile",Los Lagos,Puyehue,30,,,,,
"-32,879437","-71,257312",Quillota,Hospital de Quillota,"La Concepción 1050, Quillota, Valparaíso, Chile",Valparaíso,Quillota,50,,,,,
"-32,879437","-71,257312",Quillota,Hospital de Quillota,"La Concepción 1050, Quillota, Valparaíso, Chile",Valparaíso,Quillota,500,,,,,
"-33,051063","-71,433563",Quilpué,Hospital de Quilpue,"San Martín 1270, Quilpué, Valparaíso, Chile",Valparaíso,Quilpué,1500,,,,,
"-34,169188","-70,754937",Rancagua,Congregación Pequeña Obra de la Divina Providencia (Cottolengo),"Francia 455, Rancagua, O'Higgins, Chile",O'Higgins,Rancagua,15,,,,,
"-34,163188","-70,730938",Rancagua,Fundación María de la Providencia,"Balmaceda 380, Rancagua, O'Higgins, Chile",O'Higgins,Rancagua,10,,,,,
"-34,154813","-70,766563",Rancagua,Hospital Regional de Rancagua,"Praxedes Asela 0160, Rancagua, O'Higgins, Chile",O'Higgins,Rancagua,20,,,,,
"-34,170313","-70,742313",Rancagua,Secretaría Regional Ministerial de Salud O’Higgins,"Campos 423, Rancagua, O'Higgins, Chile",O'Higgins,Rancagua,50,,,,,
"-34,164313","-70,741188",Rancagua,Servicio Salud Rancagua,"Libertador Bernardo O'Higgins 611, Rancagua, O'Higgins, Chile",O'Higgins,Rancagua,1887,,,,,
"-34,164313","-70,741188",Rancagua,Servicio Salud Rancagua,"Libertador Bernardo O'Higgins 611, Rancagua, O'Higgins, Chile",O'Higgins,Rancagua,1250,,,,,
"-33,416313","-70,652938",Recoleta,Hospital San José (Equipo Kine),"San José 1196, Recoleta, Independencia, Región Metropolitana, Chile",Metropolitana,Recoleta,10,,,,,
"-33,408313","-70,690438",Renca,"Corp. Municipal de Desarrollo Económico, Cultura y Deportes de Renca","Los Aromos 3339, Renca, Región Metropolitana, Chile",Metropolitana,Renca,200,,,,,
"-36,051313","-71,761437",Retiro,Servicio Salud Retiro,"L-631, Retiro, Maule, Chile",Maule,Retiro,200,,,,,
"-40,335687","-72,949813",Río Bueno,CESFAM Río Bueno,"Ejército Libertador 1618, Rio Bueno, Río Bueno, Los Ríos, Chile",Los Ríos,Río Bueno,50,,,,,
"-40,335062","-72,950688",Río Bueno,Hospital de Río Bueno,"Ejército Libertador 1521, Rio Bueno, Río Bueno, Los Ríos, Chile",Los Ríos,Río Bueno,50,,,,,
"-40,335062","-72,950688",Río Bueno,Hospital de Río Bueno,"Ejército Libertador 1521, Rio Bueno, Río Bueno, Los Ríos, Chile",Los Ríos,Río Bueno,50,,,,,
"-40,335062","-72,950688",Río Bueno,Hospital de Río Bueno,"Ejército Libertador 1521, Rio Bueno, Río Bueno, Los Ríos, Chile",Los Ríos,Río Bueno,200,,,,,
"-40,792937","-73,215563",Río Negro,Cesfam Río Negro,"Av. Julio Buschmann 74, Río Negro, Los Lagos, Chile",Los Lagos,Río Negro,35,,,,,
"-34,961188","-71,128688",Romeral,Carabineros Romeral,"J-55 961, Romeral, Maule, Chile",Maule,Romeral,20,,,,,
"-34,952188","-71,122812",Romeral,Cesfam Romeral,"Alcalde Raul Arellano 640, Romeral, Maule, Chile",Maule,Romeral,70,,,,,
"-34,998063","-71,387313",Sagrada Familia,Servicio de Salud Sagrada Familia,"Centenario 07, Sagrada Familia, Maule, Chile",Maule,Sagrada Familia,30,,,,,
"-33,589063","-71,608563",San Antonio,Hospital de San Antonio,"Carmen Guerrero 945, San Antonio, Valparaíso, Chile",Valparaíso,San Antonio,1500,,,,,
"-33,584563","-70,676688",San Bernardo,Hospital El Pino /San Bernardo,"Av. Padre Hurtado 13560, San Bernardo, Región Metropolitana, Chile",Metropolitana,San Bernardo,50,,,,,
"-33,614063","-70,697812",San Bernardo,Red de CESFAM de San Bernardo,"Fernando Márquez de La Plata 5, San Bernardo, Región Metropolitana, Chile",Metropolitana,San Bernardo,100,,,,,
"-35,535812","-71,492563",San Clemente,Servicio de Salud de San Clemente,"Avenida Huamachuco 1125, San Clemente, Maule, Chile",Maule,San Clemente,103,,,,,
"-32,749437","-70,709063",San Felipe,Hospital de San Felipe,"Av Miraflores 2085, San Felipe, Valparaíso, Chile",Valparaíso,San Felipe,410,,,,,
"-40,586688","-73,733312",San Juan de la Costa,Cesfam Bahía Mansa,"U-410, Bahía Mansa, San Juan de la Costa, Los Lagos, Chile",Los Lagos,San Juan de la Costa,5,,,,,
"-40,605063","-73,468063",San Juan de la Costa,Cesfam San Juan de la Costa,"Avenida Nueva Norte Sur, San Juan de la Costa, Los Lagos, Chile",Los Lagos,San Juan de la Costa,40,,,,,
"-40,406563","-73,007937",San Pablo,Cesfam San Pablo/Quilacahuín,"Los Sauces, San Pablo, Los Lagos, Chile",Los Lagos,San Pablo,30,,,,,
"-40,368063","-73,260813",San Pablo,Hospital Quilacahuin (Hospital Intercultural Comunitario Pumulen de Quilacahuin),"U-10, Mision Quilacahuin, San Pablo, Los Lagos, Chile",Los Lagos,San Pablo,20,,,,,
"-40,412313","-73,012188",San Pablo,Municipalidad de San Pablo (Depto de Salud),"Bolivia 498, San Pablo, Los Lagos, Chile",Los Lagos,San Pablo,10,,,,,
"-37,262563","-72,726563",San Rosendo,Cesfam Dr. Carlo Echeverría Vejar,"Baquedano 95, San Rosendo, Bío Bío, Chile",Bío Bío,San Rosendo,57,,,,,
"-33,444813","-70,652687",Santiago,Fach EVCAM,"Zenteno 45, Santiago, Región Metropolitana, Chile",Metropolitana,Santiago,20,,,,,
"-33,443688","-70,637938",Santiago,Posta Central,"Curicó 345, Santiago, Región Metropolitana, Chile",Metropolitana,Santiago,250,,,,,
"-35,427313","-71,667063",Talca,CChC Talca,"Calle 1 Pte. 1075, Talca, Maule, Chile",Maule,Talca,2000,,,,,
"-35,418688","-71,637687",Talca,CESFAM Faustino González,"Trece Nte 2391, Talca, Maule, Chile",Maule,Talca,50,,,,,
"-35,412063","-71,655187",Talca,Cesfam José Dionisio Astaburuaga,"Calle 12 Nte. 1339-1361, Talca, Maule, Chile",Maule,Talca,120,,,,,
"-35,403562","-71,647438",Talca,Cesfam Las Américas,"2 Nte. 3000, Talca, Maule, Chile",Maule,Talca,100,,,,,
"-35,442313","-71,697938",Talca,Cesfam Magisterio,"I - Veintisiete Sur / 21 Pte, Talca, Maule, Chile",Maule,Talca,200,,,,,
"-35,427063","-71,646188",Talca,Hospital de Talca,"Calle 1 Nte. 1951, Talca, Maule, Chile",Maule,Talca,1504,,,,,
"-35,472062","-71,557437",Talca,Posta salud rural Las Mercedes de Talca,"K-555, Talca, Maule, Chile",Maule,Talca,20,,,,,
"-35,429563","-71,660313",Talca,Primera compañía de Bomberos de Talca,"3 Ote. 1179, Talca, Maule, Chile",Maule,Talca,40,,,,,
"-35,427688","-71,646563",Talca,SAMU Talca,"Calle 1 Nte. 2028, Talca, Maule, Chile",Maule,Talca,415,,,,,
"-35,427063","-71,646188",Talca,Unidad de Maternidad HRT,"Calle 1 Nte. 1951, Talca, Maule, Chile",Maule,Talca,20,,,,,
"-36,750813","-73,101813",Talcahuano,Cesfam Paulina Avendaño,"Carlos Dittborn 4100, Talcahuano, Bío Bío, Chile",Bío Bío,Talcahuano,20,,,,,
"-36,740563","-73,108812",Talcahuano,Hospital Las Higueras,"Alto Horno 777, Talcahuano, Bío Bío, Chile",Bío Bío,Talcahuano,100,,,,,
"-36,751062","-73,101563",Talcahuano,Servicio de Salud Talcahuano,"Carlos Dittborn 4171, Talcahuano, Bío Bío, Chile",Bío Bío,Talcahuano,6100,,,,,
"-38,731938","-72,606063",Temuco,Centro com. de salud mental Temuco,"Trizano 165, Temuco, Araucanía, Chile",Araucanía,Temuco,4,,,,,
"-38,718063","-72,562188",Temuco,Centro de Salud Pueblo Nuevo Temuco,"Nahuelbuta 2815, Temuco, Araucanía, Chile",Araucanía,Temuco,30,,,,,
"-38,718063","-72,562188",Temuco,Centro de Salud Pueblo Nuevo Temuco,"Nahuelbuta 2815, Temuco, Araucanía, Chile",Araucanía,Temuco,70,,,,,
"-38,755688","-72,622188",Temuco,Cesfam Amanecer,"Venecia 1926, Temuco, Araucanía, Chile",Araucanía,Temuco,20,,,,,
"-38,755688","-72,622188",Temuco,Cesfam Amanecer,"Venecia 1926, Temuco, Araucanía, Chile",Araucanía,Temuco,50,,,,,
"-38,743187","-72,591437",Temuco,CESFAM Las colinas + Postas,"Arturo Prat 969, Temuco, Araucanía, Chile",Araucanía,Temuco,50,,,,,
"-38,735437","-72,581812",Temuco,CESFAM Miraflores,"Miraflores 1369, Temuco, Araucanía, Chile",Araucanía,Temuco,10,,,,,
"-38,734437","-72,572187",Temuco,CESFAM Santa Rosa,"Av. Pircunche 0316, Temuco, Araucanía, Chile",Araucanía,Temuco,10,,,,,
"-38,734437","-72,572187",Temuco,Cesfam Santa Rosa,"Av. Pircunche 0316, Temuco, Araucanía, Chile",Araucanía,Temuco,54,,,,,
"-38,736562","-72,610813",Temuco,Clínica Alemana de Temuco,"Senador Estébanez 645, Temuco, Araucanía, Chile",Araucanía,Temuco,,,,,,
"-38,732813","-72,618438",Temuco,Clinica Dental U Autonoma Temuco,"Porvenir 572, Temuco, Araucanía, Chile",Araucanía,Temuco,50,,,,,
"-38,730063","-72,627313",Temuco,Clínica Red Salud,"Av. Gabriela Mistral N° 01955, Temuco, Araucanía, Chile",Araucanía,Temuco,6,,,,,
"-38,735437","-72,581812",Temuco,Consultorio Miraflores,"Miraflores 1369, Temuco, Araucanía, Chile",Araucanía,Temuco,4,,,,,
"-38,735437","-72,581812",Temuco,Consultorio Miraflores,"Miraflores 1369, Temuco, Araucanía, Chile",Araucanía,Temuco,30,,,,,
"-38,735437","-72,581812",Temuco,Consultorio Miraflores,"Miraflores 1369, Temuco, Araucanía, Chile",Araucanía,Temuco,100,,,,,
"-38,740063","-72,614188",Temuco,Ejército de Chile Temuco,"Bernardo O'Higgins 823, Temuco, Araucanía, Chile",Araucanía,Temuco,40,,,,,
"-38,737063","-72,599688",Temuco,HHHA Imagenología,"Manuel Montt 115, Temuco, Araucanía, Chile",Araucanía,Temuco,50,,,,,
"-38,738563","-72,619188",Temuco,Hogar de Ancianos Sweet Home,"Bernardo O'Higgins 01171, Temuco, Araucanía, Chile",Araucanía,Temuco,10,,,,,
"-38,740437","-72,578438",Temuco,Hogar de cristo de Temuco,"Pudeto 1403, Temuco, Araucanía, Chile",Araucanía,Temuco,10,,,,,
,,Temuco,Hospital de Temuco,,,,120,,,,,
"-38,737063","-72,599688",Temuco,Hospital H.H.H.A Temuco,"Manuel Montt 115, Temuco, Araucanía, Chile",Araucanía,Temuco,112,,,,,
"-38,737063","-72,599688",Temuco,Hospital H.H.H.A Temuco,"Manuel Montt 115, Temuco, Araucanía, Chile",Araucanía,Temuco,3,,,,,
"-38,737063","-72,599688",Temuco,Hospital H.H.H.A Temuco,"Manuel Montt 115, Temuco, Araucanía, Chile",Araucanía,Temuco,1,,,,,
"-38,737063","-72,599688",Temuco,Hospital H.H.H.A Temuco,"Manuel Montt 115, Temuco, Araucanía, Chile",Araucanía,Temuco,3,,,,,
"-38,737063","-72,599688",Temuco,Hospital H.H.H.A Temuco,"Manuel Montt 115, Temuco, Araucanía, Chile",Araucanía,Temuco,137,,,,,
"-38,737063","-72,599688",Temuco,Hospital H.H.H.A Temuco,"Manuel Montt 115, Temuco, Araucanía, Chile",Araucanía,Temuco,200,,,,,
"-38,737063","-72,599688",Temuco,Hospital H.H.H.A Temuco,"Manuel Montt 115, Temuco, Araucanía, Chile",Araucanía,Temuco,120,,,,,
"-38,730188","-72,585687",Temuco,Instituto Teletón temuco,"Gral Aldunate 620, Temuco, Araucanía, Chile",Araucanía,Temuco,110,,,,,
"-38,733688","-72,588937",Temuco,PDI de Temuco,"Caupolicán 798, Temuco, Araucanía, Chile",Araucanía ,Temuco,16,,,,,
"-38,708938","-72,555687",Temuco,Samu Base Temuco,"Rudecindo Ortega 2695, Temuco, Araucanía, Chile",Araucanía,Temuco,10,,,,,
"-38,708938","-72,555687",Temuco,SAMU Temuco,"Rudecindo Ortega 2695, Temuco, Araucanía, Chile",Araucanía,Temuco,36,,,,,
"-38,738313","-72,594562",Temuco,Seremi Medio Ambiente Temuco,"Patricio Lynch 552, Temuco, Araucanía, Chile",Araucanía,Temuco,40,,,,,
"-38,739563","-72,589312",Temuco,SEREMI salud Temuco,"Claro Solar 875, Temuco, Araucanía, Chile",Araucanía,Temuco,30,,,,,
"-38,743187","-72,591437",Temuco,Servicio Araucania Sur,"Arturo Prat 969, Temuco, Araucanía, Chile",Araucanía,Temuco,400,,,,,
"-38,741563","-72,602188",Temuco,SICAM Temuco,"Prieto Sur 965, Temuco, Araucanía, Chile",Araucanía,Temuco,20,,,,,
"-39,806813","-73,228813",Valdivia,Allware Valdivia,"Sevilla 250-236, Valdivia, Los Ríos, Chile",Los Ríos,Valdivia,10,,,,,
"-39,832313","-73,239937",Valdivia,Atención dental de urgencia Valdivia,"Av. Simpson 801-899, Valdivia, Los Ríos, Chile",Los Ríos,Valdivia,35,,,,,
"-39,811438","-73,252313",Valdivia,Centro salud UACh,"Los Laureles 95, Valdivia, Los Ríos, Chile",Los Ríos,Valdivia,12,,,,,
"-39,811438","-73,252313",Valdivia,Centro salud UACh,"Los Laureles 95, Valdivia, Los Ríos, Chile",Los Ríos,Valdivia,12,,,,,
"-39,849938","-73,222938",Valdivia,CESFAM Angachilla,"Sta Martina 3821, Valdivia, Los Ríos, Chile",Los Ríos,Valdivia,50,,,,,
"-39,826813","-73,204813",Valdivia,CESFAM externo,"Donald Canter 3500, Valdivia, Los Ríos, Chile",Los Ríos,Valdivia,50,,,,,
"-39,810688","-73,220562",Valdivia,CESFAM Las Animas,"Sedeño 250, Valdivia, Los Ríos, Chile",Los Ríos,Valdivia,100,,,,,
"-39,873313","-73,395188",Valdivia,CESFAM niebla,"Martin, Cermeño sn, Valdivia, Los Ríos, Chile",Los Ríos,Valdivia,40,,,,,
"-39,812813","-73,246813",Valdivia,Comité técnico asesor COE comunal,"Independencia 455, Valdivia, Los Ríos, Chile",Los Ríos,Valdivia,75,,,,,
"-39,814563","-73,224812",Valdivia,DESAM Valdivia,"Pedro Aguirre Cerda 231, Valdivia, Los Ríos, Chile",Los Ríos,Valdivia,680,,,,,
"-39,814563","-73,224812",Valdivia,DESAM Valdivia,"Pedro Aguirre Cerda 231, Valdivia, Los Ríos, Chile",Los Ríos,Valdivia,480,,,,,
"-39,814563","-73,224812",Valdivia,DESAM Valdivia,"Pedro Aguirre Cerda 231, Valdivia, Los Ríos, Chile",Los Ríos,Valdivia,200,,,,,
"-39,814563","-73,224812",Valdivia,DESAM Valdivia,"Pedro Aguirre Cerda 231, Valdivia, Los Ríos, Chile",Los Ríos,Valdivia,100,,,,,
"-39,814938","-73,224688",Valdivia,Dpto Salud Mental Valdivia,"Pedro Aguirre Cerda 231, Valdivia, Los Ríos, Chile",Los Ríos,Valdivia,30,,,,,
"-39,814938","-73,224688",Valdivia,Dpto Salud Mental Valdivia,"Pedro Aguirre Cerda 231, Valdivia, Los Ríos, Chile",Los Ríos,Valdivia,30,,,,,
"-39,827313","-73,242313",Valdivia,Fundación Las Rosas - Valdivia,"Bulnes 591, Valdivia, Los Ríos, Chile",Los Ríos,Valdivia,20,,,,,
"-39,827313","-73,242313",Valdivia,Fundación Las Rosas - Valdivia,"Bulnes 591, Valdivia, Los Ríos, Chile",Los Ríos,Valdivia,20,,,,,
"-39,808938","-73,253937",Valdivia,Hospedaje estudiantes Uach,"Los Alerces 91, Valdivia, Los Ríos, Chile",Los Ríos,Valdivia,100,,,,,
"-39,831438","-73,240188",Valdivia,Hospital Base de Valdivia,"Av. Francia 2165, Valdivia, Los Ríos, Chile",Los Ríos,Valdivia,1130,,,,,
"-39,831438","-73,240188",Valdivia,Hospital Base de Valdivia,"Av. Francia 2165, Valdivia, Los Ríos, Chile",Los Ríos,Valdivia,50,,,,,
"-39,831438","-73,240188",Valdivia,Hospital Base de Valdivia,"Av. Francia 2165, Valdivia, Los Ríos, Chile",Los Ríos,Valdivia,205,,,,,
"-39,831438","-73,240188",Valdivia,Hospital Base de Valdivia,"Av. Francia 2165, Valdivia, Los Ríos, Chile",Los Ríos,Valdivia,50,,,,,
"-39,831438","-73,240188",Valdivia,Hospital Base de Valdivia,"Av. Francia 2165, Valdivia, Los Ríos, Chile",Los Ríos,Valdivia,20,,,,,
"-39,831438","-73,240188",Valdivia,Hospital Base de Valdivia,"Av. Francia 2165, Valdivia, Los Ríos, Chile",Los Ríos,Valdivia,800,,,,,
"-39,831438","-73,240188",Valdivia,Hospital Base de Valdivia,"Av. Francia 2165, Valdivia, Los Ríos, Chile",Los Ríos,Valdivia,50,,,,,
"-39,831438","-73,240188",Valdivia,Hospital Base de Valdivia,"Av. Francia 2165, Valdivia, Los Ríos, Chile",Los Ríos,Valdivia,30,,,,,
"-39,831438","-73,240188",Valdivia,Hospital Base de Valdivia,"Av. Francia 2165, Valdivia, Los Ríos, Chile",Los Ríos,Valdivia,30,,,,,
"-39,831438","-73,240188",Valdivia,Hospital Base de Valdivia,"Av. Francia 2165, Valdivia, Los Ríos, Chile",Los Ríos,Valdivia,30,,,,,
"-39,831438","-73,240188",Valdivia,Hospital Base de Valdivia,"Av. Francia 2165, Valdivia, Los Ríos, Chile",Los Ríos,Valdivia,20,,,,,
"-39,831438","-73,240188",Valdivia,Hospital Base de Valdivia,"Av. Francia 2165, Valdivia, Los Ríos, Chile",Los Ríos,Valdivia,20,,,,,
"-39,831438","-73,240188",Valdivia,Hospital Base de Valdivia,"Av. Francia 2165, Valdivia, Los Ríos, Chile",Los Ríos,Valdivia,300,,,,,
"-39,831438","-73,240188",Valdivia,Hospital Base de Valdivia,"Av. Francia 2165, Valdivia, Los Ríos, Chile",Los Ríos,Valdivia,250,,,,,
"-39,831438","-73,240188",Valdivia,Hospital Base de Valdivia,"Av. Francia 2165, Valdivia, Los Ríos, Chile",Los Ríos,Valdivia,181,,,,,
"-39,831438","-73,240188",Valdivia,Hospital Base de Valdivia,"Av. Francia 2165, Valdivia, Los Ríos, Chile",Los Ríos,Valdivia,400,,,,,
"-39,806188","-73,251688",Valdivia,LAB UACH COVID,"Independencia 631, Valdivia, Los Ríos, Chile",Los Ríos,Valdivia,10,,,,,
"-39,816938","-73,209187",Valdivia,NDU,"Callejón Kunstman 3561, Valdivia, Los Ríos, Chile",Los Ríos,Valdivia,30,,,,,
"-39,806188","-73,251688",Valdivia,RRPP UACH,"Independencia 631, Valdivia, Los Ríos, Chile",Los Ríos,Valdivia,8,,,,,
"-39,826313","-73,244688",Valdivia,SAR Barrios Bajos,"Domeyko 500, Valdivia, Los Ríos, Chile",Los Ríos,Valdivia,10,,,,,
"-39,826313","-73,244688",Valdivia,SAR Barrios Bajos,"Domeyko 500, Valdivia, Los Ríos, Chile",Los Ríos,Valdivia,10,,,,,
"-39,813688","-73,239812",Valdivia,Servicio Salud Valdivia,"Chacabuco 700, Valdivia, Los Ríos, Chile",Los Ríos,Valdivia,120,,,,,
"-39,813688","-73,239812",Valdivia,Servicio Salud Valdivia,"Chacabuco 700, Valdivia, Los Ríos, Chile",Los Ríos,Valdivia,120,,,,,
"-39,813688","-73,239812",Valdivia,Servicio Salud Valdivia,"Chacabuco 700, Valdivia, Los Ríos, Chile",Los Ríos,Valdivia,200,,,,,
"-39,806188","-73,251688",Valdivia,UACH,"Independencia 631, Valdivia, Los Ríos, Chile",Los Ríos,Valdivia,100,,,,,
"-39,806188","-73,251688",Valdivia,UACH,"Independencia 631, Valdivia, Los Ríos, Chile",Los Ríos,Valdivia,40,,,,,
"-39,806188","-73,251688",Valdivia,UAch,"Independencia 631, Valdivia, Los Ríos, Chile",Los Ríos,Valdivia,100,,,,,
"-39,806188","-73,251688",Valdivia,UACh - Laboratorios hantavirus-COVID19,"Independencia 631, Valdivia, Los Ríos, Chile",Los Ríos,Valdivia,10,,,,,
"-39,806188","-73,251688",Valdivia,UACh - Laboratorios hantavirus-COVID19,"Independencia 631, Valdivia, Los Ríos, Chile",Los Ríos,Valdivia,10,,,,,
"-39,805188","-73,247938",Valdivia,UACh (Escuela de Medicina),"Av. Rector Eduardo Morales Miranda 33, Valdivia, Los Ríos, Chile",Los Ríos,Valdivia,60,,,,,
"-39,805188","-73,247938",Valdivia,UACh (Escuela de Medicina),"Av. Rector Eduardo Morales Miranda 33, Valdivia, Los Ríos, Chile",Los Ríos,Valdivia,60,,,,,
"-33,050688","-71,610688",Valparaíso,Hospital Carlos Van Buren valparaiso,"San Ignacio 725, Valparaíso, Chile",Valparaíso,Valparaíso,1840,,,,,
"-38,233562","-72,340438",Victoria,Hospital de Victoria,"Av. O’Higgins, Victoria, Araucanía, Chile",Araucanía,Victoria,10,,,,,
"-38,233562","-72,340438",Victoria,Hospital de Victoria,"Av. O’Higgins, Victoria, Araucanía, Chile",Araucanía,Victoria,185,,,,,
"-38,233562","-72,340438",Victoria,Hospital de Victoria,"Av. O’Higgins, Victoria, Araucanía, Chile",Araucanía,Victoria,100,,,,,
"-38,233562","-72,340438",Victoria,Hospital Victoria,"Av. O’Higgins, Victoria, Araucanía, Chile",Araucanía,Victoria,10,,,,,
"-38,670563","-72,224688",Vilcún,Departamento de salud Vilcún,"Chorrillos 400, Vilcun, Vilcún, Araucanía, Chile",Araucanía,Vilcún,60,,,,,
"-38,666313","-72,227563",Vilcún,Hospital de Vilcún,"Manuel Bulnes 680, Vilcún, Araucanía, Chile",Araucanía,Vilcún,60,,,,,
"-38,666313","-72,227563",Vilcún,Hospital de Vilcún,"Manuel Bulnes 680, Vilcún, Araucanía, Chile",Araucanía,Vilcún,50,,,,,
"-38,666313","-72,227563",Vilcún,Hospital de Vilcún,"Manuel Bulnes 680, Vilcún, Araucanía, Chile",Araucanía,Vilcún,135,,,,,
"-33,029562","-71,542438",Viña del Mar,Hospital Gustavo Fricke,"Álvarez 1532, Viña del Mar, Valparaíso, Chile",Valparaíso,Viña del Mar,200,,,,,
"-33,029562","-71,542438",Viña del Mar,Hospital Gustavo Fricke Viña del Mar,"Álvarez 1532, Viña del Mar, Valparaíso, Chile",Valparaíso,Viña del Mar,1900,,,,,
"-32,994563","-71,520437",Viña del Mar,Sanatorio Maritimo,"Atlántico 4123, Viña del Mar, Valparaíso, Chile",Valparaíso,Viña del Mar,100,,,,,
,,,Campos Clínicos Adulto Mayor Osorno,,,,4,,,,,
,,,Colegio de matronas,,,,50,,,,,
,,,Concejo municipal,,,,35,,,,,
,,,Consejo regional,,,,200,,,,,
,,,Desam,,,,300,,,,,
,,,DESAM,,,,50,,,,,
,,,Hospital de Quillota,,,,50,,,,,
,,,INTENDENCIA,,,,100,,,,,
,,,ONEMI,,,,10,,,,,
,,,Pequeños Almacenes de Barrio,,,,50,,,,,
,,,Personal de Aseo Vicroria,,,,10,,,,,
,,,Privados cadena alimentación Servicios de salud,,,,25,,,,,
,,,Recolectores de Basura Temuco,,,,25,,,,,
,,,Regalo Presna (Al jazeera y TVN),,,,6,,,,,
,,,Regalo Presna (Al jazeera y TVN),,,,6,,,,,
,,,Residencias Sociosanitarias de Temuco,,,,25,,,,,
,,,Salud Rural,,,,20,,,,,
,,,SEREMI DE SALUD,,,,100,,,,,
,,,Seremi Desarrollo Social,,,,200,,,,,
,,,Tienda de abarrotes,,,,10,,,,,
,,,Varios,,,,2100,,,,,
,,,,,,,100,,,,,
,,,,,,,75,,,,,
,,,,,,,50,,,,,
,,,,,,,35,,,,,
,,,,,,,20,,,,,
,,,,,,,50,,,,,